"Adam, Klaus"
"Adão, Bernardino"
"Afonso, Gara"
"Aguiar, Mark"
"Ahmed, Shaghil, 1959-"
"Ai, Hengjie"
"Aiyagari, S. Rao"
"Aizawa, Naoki"
"Akitoby, Bernardin"
"Albanesi, Stefania"
"Ales, Laurence"
"Allen, Beth"
"Allen, Franklin, 1956-"
"Almagro, Milena"
"Alonso, Irasema"
"Althoff, Lukas"
"Altig, David, 1956-"
"Altonji, Joseph G."
"Altug, Sumru"
"Alvarez, Fernando, 1964-"
"Alviarez, Vanessa"
"Amador, Manuel"
"Amaral, Pedro"
"Ambler, Steve, 1955-"
"Amirizadeh, Hossain"
"Anderson, Eric"
"Anderson, Evan W. "
"Anderson, Paul A."
"Ando, Albert"
"Andolfatto, David"
"Aoki, Masanao"
"Arce Munoz, Fernando"
"Arellano, Cristina"
"Armitage, Peter"
"Aruoba, S. Boragan"
"Aschauer, David Alan"
"Asturias, Jose"
"Athey, Susan"
"Atkeson, Andrew"
"Attanasio, Orazio P."
"Auerbach, Kay J."
"Austen-Smith, David"
"Avenancio-León, Carlos"
"Ayres, João"
"Azariadis, Costas"
"Azzimonti, Marina"
"Babina, Tania"
"Backus, David"
"Bai, Yan"
"Bajona, Claustre"
"Bank, Joel"
"Barbosa, Antonio S. Pinto"
"Bardhan, Pranab"
"Bartelsman, Eric J."
"Bartscher, Alina K."
"Bassetto, Marco"
batchuser@example.com
"Baxter, Marianne, 1956-"
"Bayer, Christian, 1977-"
"Beauchemin, Kenneth Ronald"
"Beaudry, Paul"
"Beaulieu, J. Joseph"
"Becketti, Sean"
"Bednar, Jenna"
"Beers, David T."
"Benati, Luca"
"Bencivenga, Valerie R."
"Bengui, Julien"
"Benhabib, Jess"
"Benhabib, Jess, 1948-"
"Benjamin, David"
"Benson, Alan"
"Bental, Benjamin"
"Berger, David"
"Bergoeing, Raphael"
"Berkowitz, Jeremy"
"Berliant, Marcus"
"Bertola, Giuseppe"
"Betts, Caroline M."
"Bhandari, Anmol"
"Bianchi, Javier"
"Bigio, Saki"
"Bilal, Adrien"
"Bils, Mark"
"Birinci, Serdar"
"Birkeland, Kathryn"
"Blandin, Adam"
"Bloom, Nicholas"
"Blume, Andreas"
"Blundell, Richard"
"Bocola, Luigi"
"Boerma, Job"
"Boldrin, Michele"
"Boot, Arnoud W. A. (Willem Alexander), 1960-"
"Bordo, Michael D."
"Borella, Margherita"
"Boyd, John H."
"Braun, R. Anton"
"Braun, Steven"
"Bridgman, Benjamin"
"Briffault, Richard"
"Brinca, Pedro"
"Bryant, John B."
"Budolfson, Richard F."
"Budría Rodríguez, Santiago"
"Buera, Francisco"
"Bugarin, Mirta S."
"Bullard, James"
"Burdett, Kenneth"
"Burstein, Ariel"
"Cagetti, Marco"
"Cai, Zhifeng"
"Calsamiglia, Caterina"
"Calvo, Guillermo A."
"Camargo, Braz"
"Campbell, Jeffrey R."
"Canova, Fabio"
"Caplin, Andrew"
"Carapella, Francesca"
"Carlstrom, Charles T., 1960-"
"Carroll, Evelyn F."
"Caselli, Francesco, 1966-"
"Caucutt, Elizabeth M. (Elizabeth Miriam)"
"Cavalcanti, Ricardo de Oliveira"
"Cavallo, Michele"
"Chahrour, Ryan"
"Champ, Bruce"
"Chang, Chun"
"Chang, Roberto"
"Chari, V. V."
"Chatterjee, Satyajit"
"Chatzikonstantinou, Manolis "
"Chen, Daphne"
"Chen, Peter"
"Cheung, Yin-Wong"
"Chiappori, Pierre-André"
"Chin, Daniel M."
"Chiu, Jonathan"
"Cho, Jang-Ok"
"Chodorow-Reich, Gabriel"
"Choi, Sangmok"
"Christiano, Lawrence J."
"Ciccone, Antonio"
"Clement, Douglas A."
"Colas, Mark Y."
"Cole, Harold Linh, 1957-"
"Coleman, Wilbur John"
"Coles, Melvyn"
"Commault, Jeanne"
"Conesa, Juan Carlos"
"Cooley, Thomas F."
"Cooper, Russell"
"Corbae, Dean"
"Corrado, Carol"
"Correia, Isabel"
"Corrigan, E. Gerald"
"Costa, Daniela"
"Costello, Donna M."
"Coulibaly, Louphou"
"Couture, Victor"
"Coven, Joshua"
"Cox, David J."
"Cravino, Javier"
"Crone, Theodore M."
"Croushore, Dean Darrell, 1956-"
"Crouzet, Nicolas"
"Crucini, Mario J."
"Cubeddu, Luis M."
"Cui, Wei"
"Cumming, Christine Maureen"
"d'Avernas, Adrien "
"D'Erasmo, Pablo"
"Da-Rocha, Jose-Maria"
"Dahl, David S."
"Daley, Lane A., 1953-"
"Danforth, John P."
"Danthine, Jean-Pierre"
"Darby, Michael R."
"Dauth, Wolfgang"
"De Nardi, Mariacristina"
"de O. Cavalcanti, Ricardo"
"De Santis, Giorgio"
"DeFigueiredo, Rui J. P."
"Del Negro, Marco"
"Dempsey, Kyle"
"Den Haan, Wouter J., 1962-"
"Deneckere, Raymond"
"Diamond, Douglas W."
"Diaz, Antonia"
"Diba, Behzad"
"Diebold, Francis X., 1959-"
"Dingel, Jonathan I."
"Dinkelman, Taryn"
"Doan, Thomas"
"Doepke, Matthias"
"Donaldson, John B."
"Donovan, Kevin"
"Dotsey, Michael"
"Dow, James, 1961-"
"Droste, Michael"
"Drozd, Lucasz"
"Duffy, John, 1964-"
"Duncan, George T."
"Dupor, Bill"
"Duprey, James N."
"Dutta, Jayasri"
"Dybvig, Philip H."
"Díaz-Giménez, Javier"
"Eaton, Jonathan"
"Echevarria, Cristina"
"Eckert, Fabian"
"Eckstein, Zvi"
"Eden, Benjamin"
"Edge, Rochelle Mary, 1971-"
"Edmond, Chris"
"Eggertsson, Gauti B."
"Eichenbaum, Martin S."
"Eisfeldt, Andrea L."
"Ejarque, Joao"
"Ellery Jr., Roberto"
"Engbom, Niklas"
"English, William B. (William Berkeley), 1960-"
"Ennis, Huberto M."
"Erceg, Christopher J."
"Erosa, Andres"
"Esquivel, Carlos"
"Evans, Charles, 1958-"
"Faith, Tom"
"Fang, Hanming"
"Farhi, Emmanuel"
"Farmer, Roger E. A."
"Faust, Jon"
"Fella, Giulio"
"Fernandes, Ana"
"Fernandez, Raquel, 1959-"
"Fernandez-Villaverde, Jesus"
"Fernández de Córdoba, Gonzalo, 1966-"
"Ferson, Wayne E."
"Fettig, David"
"Filson, Darren, 1969-"
"Findeisen, Sebastian"
"Finn, Mary G."
"Fisher, Jonas D. M. (Jonas Daniel Maurice), 1965-"
"Fitchett, Hamish"
"Fitzgerald, Doireann"
"Fitzgerald, Terry J."
"Fogli, Alessandra"
"Fontenot, Una B. (Una Bee)"
"Foster, Edward, 1933-"
"Frame, W. Scott"
"Franck, Raphaël, 1976-"
"Franco, April"
"Friedman, Julia M."
"Fuentes-Albero, Cristina, 1980-"
"Fujiki, Hiroshi"
"Galdón-Sánchez, José Enrique"
"Gale, Douglas"
"Galor, Oded, 1953-"
"Ganapati, Sharat"
"Gane, Samuel H."
"Gao, Han"
"Garcia, Márcio Gomes Pinto"
"Garrido, Miguel"
"Gavazza, Alessandro"
"Gerard, Bruno, 1958-"
"Gertler, Mark"
"Geweke, John"
"Ghysels, Eric, 1956-"
"Gillette, Clayton P."
"Giménez Fernández, Eduardo Luís"
"Gintis, Herbert"
"Girton, Lance W."
"Gittleman, Maury B."
"Glomm, Gerhard"
"Glosten, Lawrence R."
"Glover, Andrew"
"Glover, Andy"
"Goda, Gopi Shah"
"Goenka, Aditya"
"Golosov, Mikhail"
"Gomes, Victor"
"Gomme, Paul, 1961-"
"Goodfriend, Marvin"
"Gopinath, Gita, 1971-"
"Gorajek, Adam"
"Gordon, Robert J. (Robert James), 1940-"
"Gort, Michael, 1923-"
"Gorton, Gary B."
"Gourieroux, Christian, 1949-"
"Gowrisankaran, Gautam"
"Graham, Stanley L."
"Granger, C.W.J. (Clive William John), 1934-2009"
"Grasing, Jamie"
"Green, Allison"
"Green, Edward J."
"Greenbaum, Stuart I."
"Greenwood, Jeremy, 1953-"
"Gregory, Alan"
"Gregory, Victoria"
"Grossman, Gene M."
"Gu, Chao"
"Guell, Maia"
"Guerrieri, Veronica"
"Guillen, Diogo"
"Guler, Bulent"
"Guner, Nezih"
"Gupta, Arpit"
"Guren, Adam M."
"Guvenen, Fatih"
"Hall, Robert E."
"Haller, Stefanie"
"Haltmaier, Jane"
"Hammill, James H."
"Han, Suyoun"
"Handbury, Jessie"
"Hansen, Gary D. (Gary Duane)"
"Hansen, Lars Peter"
"Harrison, Sharon G."
"Hassler, John"
"Hatchondo, Juan Carlos"
"Hayashi, Fumio"
"He, Hui"
"Head, Allen"
"Heathcote, Jonathan"
"Heggeness, Misty"
"Heise, Sebastian"
"Hejlesen, Mads"
"Hellerstein, Walter"
"Hellwig, Christian"
"Helpman, Elhanan"
"Henczel, Don"
"Henderson, Dale W."
"Hendricks, Lutz, 1964-"
"Hendry, David F."
"Hercowitz, Zvi"
"Herder, Richard John, 1931-"
"Herkenhoff, Kyle F."
"Hernando, Andrés"
"Herrendorf, Berthold"
"Herrington, Chris"
"Hevia, Constantino"
"Hewitt, R. Shawn"
"Hinich, Melvin J."
"Holmes, Thomas J."
"Hopenhayn, Hugo Andres"
"Hornstein, Andreas"
"Hoskins, W. Lee"
"Hosseini, Roozbeh"
"Howard, Troup"
"Huang, Kevin X. D."
"Huffman, Gregory W."
"Huggett, Mark"
"Hunter, Linda"
"Huo, Zhen"
"Hur, Sewon"
"Hussey, Robert"
"Husted, Steven L."
"Hutchinson, Kevin"
"Ickes, Barry William"
"Ingram, Beth F."
"Inoue, Tohru"
"Irie, Magnus"
"İmrohoroglu, Ayşe Ökten"
"İmrohoroǧlu, Selahattin"
"Jackson, Matthew O."
"Jagannathan, Ravi"
"Jaimovich, Nir"
jannelle.ruswick@mpls.frb.org
"Jermann, Urban J."
"Jessup, Paul F."
"Johnson, Janna"
"Joines, Douglas H."
"Jones, Callum"
"Jones, Charles I."
"Jones, Larry E."
"Jordan, James S."
"Jorgenson, Dale W. (Dale Weldeau), 1933-"
"Jovanovic, Boyan, 1951-"
"Judd, Kenneth L."
"Juster, F. Thomas (Francis Thomas), 1926-"
"Kaatz, Ronald"
"Kahn, Charles M."
"Kahn, James A. (James Allan)"
"Kalemli-Özcan, Şebnem"
"Kamali, Parisa "
"Kambourov, Gueorgui"
"Kaplan, Greg"
"Karabarbounis, Loukas"
"Karahan, Fatih"
"Kareken, John H."
kate.s.hansel@mpls.frb.org
"Katzman, Brett, 1966-"
"Kaygusuz, Remzi"
"Keane, Michael P."
"Kehoe, Patrick J."
"Kehoe, Timothy Jerome, 1953-"
"Kekre, Rohan"
"Kempf, Hubert"
"Kennan, John"
"Khan, Aubhik"
"Kilian, Lutz"
"King, Robert G. (Robert Graham)"
"Kirpalani, Rishabh"
"Kiyotaki, Nobuhiro"
"Klee, Mark A."
"Klein, Lawrence Robert"
"Kleineberg, Tatjana"
"Kleiner, Morris"
"Klenow, Peter J."
"Klette, Tor Jakob"
"Knoef, Marike"
"Kocherlakota, Narayana Rao, 1963-"
"Koijen, Ralph S. J."
"Kollintzas, Tryphon, 1953-"
"Kollmann, Robert Miguel W. K., 1963-"
"Kondo, Illenin O."
"Kondor, Péter"
"Kopecky, Karen"
"Kortum, Samuel"
"Kotlikoff, Laurence J."
"Kovenock, Daniel J."
"Kramarz, Francis"
"Krane, Spencer D."
"Krebs, Tom"
"Krueger, Dirk"
"Krusell, Per"
"Kryshko, Maxym"
"Kryvtsov, Oleksiy"
"Kubler, Felix"
"Kubota, Keiichi, 1948-"
"Kuhn, Moritz"
"Kulish, Mariano"
"Kumar, Krishna B."
"Kuruscu, Burhanettin"
"Kydland, Finn E."
"Köppl, Thorsten V."
"Labadie, Pamela, 1953-"
"Lacker, Jeffrey Malcolm"
"Lagakos, David P."
"Lagos, Ricardo"
"Lagunoff, Roger Dean"
"Laitner, John"
"Lam, Pok-sang"
"Leahy, John"
"Lee, Sanghoon"
"Lee, Soohyung"
"Leiderman, Leonardo, 1951-"
"Lepetyuk, Vadym"
"Leung, Ron"
"Levin, Andrew T. (Andrew Theo)"
"Levine, David K."
"Levine, Ross"
"Levy, Matthew R."
"Liang, Jeffrey"
"Ligon, Ethan"
"Lim, Jong-Soo"
"Lin, Lizbie Gee-Sun"
"Lin, Ping"
"Lindé, Jesper"
"Line, Carolyn P."
"Litterman, Robert B."
"Liu, Lucy Qian"
"Liu, Zheng"
"Livshits, Igor"
"Lizarazo, Sandra"
"Ljungqvist, Lars"
"Llobet, Gerard"
"Lopez, Pierlauro"
"Lorenzoni, Guido"
"Lores Insua, Francisco Xavier"
"Lu, Will Jianyu"
"Lucas, Jr., Robert E."
"Luengo-Prado, Maria José, 1972-"
"Lundvik, Petter"
"Luttmer, Erzo G. J."
"Ma, Wenting"
"MacDonald, Glenn M., 1952-"
"Macera, Manuel"
"MacGee, James C."
"Machicado, Carlos Gustavo"
"Madison, James"
"Mahieu, Ronald, 1968-"
"Mailath, George Joseph"
"Maio, Michael"
"Makinen, Gail E."
"Malin, Benjamin A."
"Manchester, Colleen Flaherty"
"Manuelli, Rodolfo E."
"Marcet, Albert"
"Mariano, Roberto S."
"Marimon, Ramon, 1953-"
"Markusen, James R., 1948-"
"Marshall, David A."
"Marshall, Robert"
"Martellini, Paolo"
"Martin, Antoine"
"Martin, Vance, 1955-"
"Martinez, Leonardo"
"Mataloni Jr., Raymond J."
"Mateos-Planas, Xavier"
"Matsui, Akihiko"
"Matsuyama, Kiminori"
"Maynes, E. Scott"
"Maziero, Pricila"
"McAndrews, James J."
"McCabe, Kevin A."
"McCandless Jr., George T. "
"McDermott, John H."
"McGrattan, Ellen R."
"McGuire, Paul"
"McKay, Alisdair"
"Meh, Cesaire"
"Mehra, Rajnish"
"Mehrotra, Neil R."
"Meltzer, Allan H."
"Mendoza, Enrique G., 1963-"
"Menzio, Guido"
"Mercenier, Jean"
"Merlo, Antonio"
"Meza, Felipe"
"Michalopoulos, Stylianos"
"Michel, Philippe"
"Midrigan, Virgiliu"
"Mihalache, Gabriel"
"Miller, Preston J."
"Miller, Robert A."
"Mills, Leonard O. (Leonard Orion), 1960-"
"Mina, Michael J."
"Mitchell, Matt"
"Mitman, Kurt"
"Mitra, Sandip"
"Miyachi, Kazuaki"
"Moffitt, Robert A."
"Mondragon, Jorge"
"Mongey, Simon J."
"Monnet, Cyril"
"Montes, Ana"
"Mookherjee, Dilip"
"Moore, John, 1954-"
"Morehouse, John M."
"Morelli, Massimo"
"Moser, Christian A."
"Muench, Thomas J."
"Mukherji, Arijit"
"Mulligan, Casey B."
"Murray, Frank"
"Murray-Close, Marta, 1977-"
"Méndez-Chacón, Esteban"
"Nagypál, Éva"
"Nakajima, Makoto (Economist)"
"Nakamura, Emi"
"Nason, James M."
"Nath, Anusha"
"Navarro, Gaston"
"Neftci, Salih"
"Neiman, Brent"
"Nelson, Clarence W. (Clarence Walford), 1924-"
"Nelson, Richard Ward, 1899-1984"
"Neumeyer, Pablo Andrés"
"Nevin, Edward"
"Newbold, Paul"
"Ng, Cho"
"Nicolini, Juan Pablo"
"Nieuwerburgh, Stijn van"
"Nosal, Ed"
"Nosal, Jaromir B."
"Nygaard, Vegard M."
"Obstfeld, Maurice"
"Ocampo, Sergio"
"Ofer, Aharon R."
"Oh, Seonghwan"
"Oh, Soo-Nam"
"Ohanian, Lee E."
"Olea de Souza e Silva, Pedro"
"Olsen, Claire L."
"Orane-Hutchinson, Angelo"
"Ordonez, Guillermo"
"Ortega, Eva"
"Ortigueira, Salvador"
"Osotimehin, Sophie"
"Ospina, Sandra"
"Ostroy, Joseph M."
"Ottonello, Pablo"
"Ouimet, Paige P."
"Owens, Raymond"
"Ozkan, Serdar"
"Pagan, Adrian R."
"Pahl, Cynthia"
"Pakes, Ariel"
"Pakonen, Richard Rodney, 1939-"
"Papaioannou, Elias"
"Paquet, Alain, 1961-"
"Parente, Stephen L."
"Park, In-Uck"
"Pastorino, Elena"
"Pavoni, Nicola (Professor of Economics)"
"Paz-Pardo, Gonzalo"
"Peck, James"
"Peled, Dan"
"Peralta-Alva, Adrian"
"Peres Cajías, José Alejandro, 1982-"
"Perri, Fabrizio"
"Persson, Torsten"
"Pesaran, M. Hashem, 1946-"
"Pessoa de Araujo, Ana"
"Petrella, Lea"
"Pfann, Gerard A., 1959-"
"Phaneuf, Louis"
"Phelan, Christopher"
"Piazzesi, Monika"
"Pierce, David A."
"Piguillem, Facundo"
"Pijoan-Mas, Josep"
"Pistaferri, Luigi"
"Platt, Glenn J."
"Polemarchakis, H. M. (Heraklis M.)"
"Polo, Clemente"
"Pomeranz, Kenneth"
"Ponder, Mark"
"Popov, Latchezar"
"Portier, Franck"
"Porzio, Tommaso"
"Postlewaite, A."
"Potter, Simon M."
"Prasad, Eswar"
"Praschnik, Jack"
"Prati, Alessandro, 1961-"
"Prescott, Edward C."
"Presno, Ignacio"
"Price, David J."
"Pujolas, Pau S."
"Qi, Shi"
"Quadrini, Vincenzo"
"Quah, Danny"
"Ramanarayanan, Ananth"
"Ramondo, Natalia"
"Rappoport, Peter"
"Rassier, Dylan G."
"Raveendranathan, Gajendran"
"Ravikumar, B."
"Ray, Debraj."
"Rebelo, Sergio"
"Redish, Angela, 1952-"
"Reed, Robert R. (Robert Ray), 1970-"
"Reinert, Kenneth A."
"Renault, Eric"
"Rendall, Michelle"
"Repetto, Andrea"
"Repullo, Rafael"
"Restrepo-Echavarria, Paulina"
"Revesz, Richard L., 1958-"
"Riascos, Alvaro"
"Rich, Robert W., 1958-"
"Richard, Jean François"
"Rivera-Batiz, Luis"
"Ríos-Rull, José-Víctor"
"Rob, Rafael"
"Robbins, Jacob A."
"Roberds, William"
"Roberts, John M."
"Rocheteau, Guillaume"
"Rodríguez-Clare, Andrés"
"Rogerson, Richard Donald"
"Rogoff, Kenneth S."
"Rolnick, Arthur J., 1944-"
"Romer, Paul Michael, 1955-"
"Rosa, Carlo"
"Rosine, John"
"Rossbach, Jack"
"Rossi-Hansberg, Esteban"
"Rotemberg, Julio"
"Rubio-Ramírez, Juan Francisco"
"Rudd, Jeremy Bay, 1970-"
"Rudebusch, Glenn D., 1959-"
"Ruffini, Krista"
"Ruge-Murcia, Francisco Javier"
"Ruhl, Kim J."
"Runkle, David Edward"
"Rupert, Peter Charles, 1952-"
"Rush, Mark"
"Russell, Steven"
"Rust, John, 1955-"
"Rustichini, Aldo"
"Rutherford, Thomas F."
"Ryan, Mary Ellen, 1928-"
"Sachs, Dominik"
"Samphantharak, Krislert"
"Sancho, Ferran"
"Santaeulalia-Llopis, Raul"
"Santos, Manuel"
sara.brandel@mpls.frb.org
"Saracoglu, Rusdu"
"Sargent, Thomas J."
"Sarte, Pierre-Daniel"
"Savin, N. E."
"Saxena, Akshar"
"Scheffel, Martin"
"Scherbina, Anna"
"Schivardi, Fabiano"
"Schlagenhauf, Don E."
"Schlegl, Matthias"
"Schmitt, Nicolas"
"Schmitz, James Andrew"
"Schneider, Martin"
"Schoellman, Todd K."
"Schorfheide, Frank"
"Schotman, Peter C."
"Schreft, Stacey Lee"
"Schuermann, Til"
"Schularick, Moritz, 1975-"
"Schulhofer-Wohl, Sam"
"Schultz, Margaret"
"Schwartz, Anna J. (Anna Jacobson), 1915-2012"
"See, Kurt"
"Sefton, James"
"Segerstrom, Paul Stephen, 1957-"
"Seshadri, Ananth"
"Shell, Karl"
"Sher, Garson"
"Shiells, Clinton R."
"Shiller, Robert J."
"Shimer, Robert"
"Shourideh, Ali"
"Shyam Sunder, 1944-"
"Sichel, Daniel E."
"Sigalla, Fiona D."
"Simester, Duncan"
"Sims, Christopher A."
"Singer, Ethan"
"Siu, Henry E."
"Skoog, Gary R."
"Skrzypacz, Andrzej, 1973-"
"Sleet, Christopher"
"Smirnyagin, Vladimir"
"Smith, Anthony"
"Smith, Bruce D. (Bruce David), 1954-2002"
"Smith, Eric"
"Smith, Katherine A."
"Sobarzo, Horacio"
"Sojourner, Aaron J."
"Solomon, Anthony M."
"Soltas, Evan J."
"Song, Dongho"
"Song, Jae"
"Sosa-Padilla, César"
"Soto, Raimundo"
"Söderlind, Paul, 1962-"
"Spear, Stephen E."
"Spiegel, Mark"
"Stacchetti, Ennio"
"Staib, Andrew"
"Stefanidis, Georgios"
"Steinberg, Joseph B."
"Steins, Ulrike I."
"Steinsson, Jόn, 1976-"
"Stern, Gary H."
"Stern, Steven"
"Stevens, John J."
"Stevens, Lacramioara Luminita"
"Stock, James H."
"Stokey, Nancy"
"Stoltenberg, Christian"
"Stolz, Richard W."
"Storesletten, Kjetil"
"Streufert, Peter A."
"Struthers, Jr., Alan"
"Stutzer, Michael J."
"Suarez, Javier"
"Suedekum, Jens"
"Summers, Bruce J."
"Summers, Lawrence H."
"Supel, Thomas M."
"Tabellini, Guido Enrico, 1956-"
"Takehara, Hitoshi"
"Tanaka, Satoshi"
"Tanizaki, Hisashi"
"Tasoff, Joshua"
"Tauchen, George Eugene"
"Taylor, John B."
"Teixeira, Arilton"
"Teles, Pedro"
"Telmer, Chris I."
"Telyukova, Irina A."
"Temzelides, Ted"
"Tertilt, Michèle"
"Thakor, Anjan V."
"Thomas, Jonathan P."
"Thomas, Julia"
"Thornton Snider, Julia"
"Todd, Richard M."
"Touzi, Nizar"
"Townsend, Robert M."
"Townsend, Robert M., 1948-"
"Tracy, Joseph S., 1956-"
"Trebesch, Christoph"
"Trejos, Alberto"
"Troshkin, Maxim"
"Tsujiyama, Hitoshi"
"Tsyvinski, Aleh"
"Turdaliev, Nurlan"
"Turner, Thomas H."
"Ueberfeldt, Alexander"
"Uhlig, Harald, 1961-"
"Umyarov, Akhmed"
"Uribe, Martin"
"Uy, Timothy"
"Van Dijk, Herman K."
"Van Ooijen, Raun"
"Van Patten, Diana"
"Van Wincoop, Eric"
"Velasco, Andrés"
"Velde, François R."
"Veldkamp, Laura"
"Ventura, Gustavo"
"Veracierto, Marcelo"
"Vereshchagina, Galina"
"Vigo-Aguiar, J. (Jesús)"
"Villegas-Sanchez, Carolina"
"Violante, Giovanni L."
"von Wachter, Till"
"Wachtel, Paul"
"Waddle, Andrea"
"Waggoner, Daniel F."
"Walde, Klaus"
"Wallace, Neil"
"Wallenius, Johanna"
"Walsh, Conor"
"Wang, Cheng"
"Wang, Ping, 1957 Dec. 5-"
"Wang, Ping, 1957-"
"Wang, Zhenyu"
"Weale, Martin, 1955-"
"Weber, Robert J."
"Weber, Warren E."
"Weil, David N."
"Weiler, William"
"Weill, Pierre-Olivier"
"Weinberg, John A."
"Weingast, Barry R."
"Weiss, Laurence M."
"Wells, Kirstin E."
"Werning, Ivan"
"Wessel, Ryan"
"Whiteman, Charles H."
"Wiczer, David"
"Wieland, Johannes F."
"Willes, Mark H."
"Williams, Kevin R."
"Williamson, Stephen D."
"Willis, Jonathan L."
"Woessner, Nicole"
"Wolf, Holger C."
"Wolpin, Kenneth I."
"Wong, Yuet-Yee"
"Woodford, Michael, 1955-"
"Woodward, G. Thomas, 1953-"
"Worrall, Tim"
"Wozniak, Abigail"
"Wrase, Jeffrey M."
"Wright, Mark L. J."
"Wright, Randall D."
"Xu, Ming"
"Yamazaki, Akira, 1942-"
"Yang, Fang"
"Yang, Yang"
"Yazici, Hakki"
"Yedid-Levi, Yaniv"
"Yeldan, Erinç"
"Yi, Kei-Mu"
"Yogo, Motohiro"
"Yoo, Byung Sam, 1952-"
"Yorukoglu, Mehmet"
"Young, Alwyn"
"Young, Peter C., 1939-"
"Zarazaga, Carlos Enrique"
"Zarutskie, Rebecca, 1976-"
"Zellner, Arnold"
"Zha, Tao"
"Zhang, Guang-Jia"
"Zhang, Jing"
"Zhang, Shengxing"
"Zhang, Wei"
"Zhang, Yuzhe"
"Zhou, Guofo"
"Zhou, Ruilin"
"Zhu, Qi"
"Zilibotti, Fabrizio"
"Zin, Stanley E."
